﻿Source;Target
AlanusDeInsulis_ContraHaereticos.txt;Hieronymus_Epistolae.txt
AlanusDeInsulis_ContraHaereticos.txt;Augustinus_EnarrationesinPsalmos1.txt
AlanusDeInsulis_ContraHaereticos.txt;Augustinus_DeCivitateDei.txt
Hieronymus_Epistolae.txt;ThomasAquinas_ContraDoctrinamRetrahentium.txt
GregoriusI_Dialogi.txt;LucasTudensis_DeAlteraVita.txt
Augustinus_DeCivitateDei.txt;DurandOfHuesca_LiberContraManicheos.txt
AugustinusHipponensis_SermonesDeScripturis.txt;DurandOfHuesca_LiberAntiheresis.txt
GregoriusI_Dialogi.txt;LucasTudensis_DeAlteraVita.txt
Augustinus_DeLiberoArbitrio.txt;DurandOfHuesca_LiberAntiheresis.txt
Ambrose_DeFide.txt;PetrusCluniacensis_Adversus-Judaeos.txt
Ambrose_DeFide.txt;ThomasAquinas_SummaContraGentiles.txt
Ambrose_DeOfficiisMinistrorum.txt;ThomasAquinas_LiberContraImpugnantesDeiCultum.txt
AndreasFlorentinus_SummaContraHereticos.txt;Hieronymus_Epistolae.txt
AndreasFlorentinus_SummaContraHereticos.txt;LuciferCalaritanus_DeNonConveniendoCumHaereticis.txt
AndreasFlorentinus_SummaContraHereticos.txt;IrenaeusOfLyon_ContraHaereticos2.txt
Anon_SummaIV.txt;IrenaeusOfLyon_ContraHaereticos2.txt
Anonymous_SummulaContraHereticos_ed.Duvernoy.txt;IrenaeusOfLyon_ContraHaereticos2.txt
DurandOfHuesca_LiberContraManicheos.txt;IrenaeusOfLyon_ContraHaereticos2.txt
IrenaeusOfLyon_ContraHaereticos2.txt;PeterOfVerona_SummaContraHereticos.txt
AndreasFlorentinus_SummaContraHereticos.txt;GregoriusI_HomiliaeInEzechielem.txt
AndreasFlorentinus_SummaContraHereticos.txt;GregoriusI_HomiliaeInEvangelia.txt
AndreasFlorentinus_SummaContraHereticos.txt;Augustinus_InIoannisevangeliumtractatus.txt
Anon_Attendite a Falsis prophetis.txt;GregoriusI_Dialogi.txt
GregoriusI_Dialogi.txt;LucasTudensis_DeAlteraVita.txt
Anon_BrevisSummula.txt;Augustinus_ContraAdversariumLegisEtProphetarum.txt
Anon_DeSacramentisHaereticorum.txt;Augustinus_DeVeraReligione.txt
Anon_DisputatioInterCatholicumEtPaterinum.txt;Hieronymus_Epistolae.txt
Anon_DisputatioInterCatholicumEtPaterinum.txt;AugustinusHipponensis_SermonesDeDiversis.txt
Anon_DisputatioInterCatholicumEtPaterinum.txt;Augustinus_EnarrationesinPsalmos2.txt
Augustinus_EnarrationesinPsalmos2.txt;PeterOfVerona_SummaContraHereticos.txt
Anon_DisputationesNonnullae.txt;Augustinus_ContraFaustum.txt
Anon_DisputationesNonnullae.txt;Augustinus_ContraFelicem.txt
Anon_DisputationesNonnullae.txt;GregoriusI_HomiliaeInEvangelia.txt
Anon_DisputationesNonnullae.txt;Augustinus_ContraFelicem.txt
Anon_DisputationesNonnullae.txt;Augustinus_DeCivitateDei.txt
Augustinus_DeCivitateDei.txt;DurandOfHuesca_LiberContraManicheos.txt
Anon_DisputationesNonnullae.txt;IrenaeusOfLyon_ContraHaereticos2.txt
Anon_DisputationesNonnullae.txt;Augustinus_ContraFaustum.txt
Anon_DisputationesNonnullae.txt;AugustinusHipponensis_SermonesDeScripturis.txt
Anon_DisputationesNonnullae.txt;AugustinusHipponensis_SermonesDeSanctis.txt
Anon_DisputationesNonnullae.txt;Hieronymus_AdversusJovinianum.txt
Anon_SummaIV.txt;IrenaeusOfLyon_ContraHaereticos2.txt
Anon_SummaIV.txt;IrenaeusOfLyon_ContraHaereticos2.txt
Anon_SynodusAtrebatensisActa.txt;Isidorus-Hispalensis_Etymologiae.txt
Anon_SynodusAtrebatensisActa.txt;Isidorus-Hispalensis_Etymologiae.txt
Anon_SynodusAtrebatensisActa.txt;Augustinus_EnarrationesinPsalmos2.txt
Anon_SynodusAtrebatensisActa.txt;Isidorus-Hispalensis_Etymologiae.txt
Anon_SynodusAtrebatensisActa.txt;Isidorus-Hispalensis_Etymologiae.txt
Anon_SynodusAtrebatensisActa.txt;GregoriusI_HomiliaeInEvangelia.txt
Anon_SynodusAtrebatensisActa.txt;Augustinus_Epistolae2.txt
Anonymous_SummulaContraHereticos_ed.Duvernoy.txt;Hieronymus_Epistolae.txt
Anonymous_SummulaContraHereticos_ed.Duvernoy.txt;Augustinus_ContraLitterasPetiliani.txt
Anonymous_SummulaContraHereticos_ed.Duvernoy.txt;Hieronymus_Epistolae.txt
Anonymous_SummulaContraHereticos_ed.Duvernoy.txt;GregoriusI_HomiliaeInEzechielem.txt
Anonymous_SummulaContraHereticos_ed.Duvernoy.txt;Augustinus_EnarrationesinPsalmos1.txt
Anonymous_SummulaContraHereticos_ed.Duvernoy.txt;GregoriusI_Moralia.txt
GregoriusI_Moralia.txt;PeterOfVerona_SummaContraHereticos.txt
AuctorIncertus-AugustinusHipponensis_SermonesSuppositiiDeDiversis.txt;DurandOfHuesca_LiberContraManicheos.txt
AuctorIncertus-AugustinusHipponensis_SermonesSuppositiiDeDiversis.txt;ThomasAquinas_SummaContraGentiles.txt
AuctorIncertus-AugustinusHipponensis_SermonesSuppositiiDeDiversis.txt;MonetaCremonensis_AdversusCatharosEtValdenses.txt
AuctorIncertus-AugustinusHipponensis_SermonesSuppositiiDeDiversis.txt;DurandOfHuesca_LiberAntiheresis.txt
AuctorIncertus-AugustinusHipponensis_SermonesSuppositiiDeDiversis.txt;DurandOfHuesca_LiberAntiheresis.txt
AuctorIncertus-AugustinusHipponensis_SermonesSuppositiiDeScripturis.txt;ErmengardDeBeziers_ContraWaldenses.txt
AuctorIncertus-AugustinusHipponensis_SermonesSuppositiiDeScripturis.txt;PetrusAbaelardus_LiberAdversusHaereses.txt
AuctorIncertus-AugustinusHipponensis_SermonesSuppositiiDeScripturis.txt;SalvoBurci_LiberSuprastella.txt
ErmengardDeBeziers_ContraWaldenses.txt;Hieronymus_Epistolae.txt
Hieronymus_Epistolae.txt;PetrusAbaelardus_LiberAdversusHaereses.txt
Hieronymus_Epistolae.txt;SalvoBurci_LiberSuprastella.txt
AuctorIncertus-AugustinusHipponensis_SermonesSuppositiiDeScripturis.txt;PeterOfVerona_SummaContraHereticos.txt
AuctorIncertus-AugustinusHipponensis_SermonesSuppositiiDeScripturis.txt;SalvoBurci_LiberSuprastella.txt
AuctorIncertus-AugustinusHipponensis_SermonesSuppositiiDeTempore.txt;Bonacursus_VitaHaereticorum.txt
AugustinusHipponensis_SermonesDeDiversis.txt;HermannusDeScildis_Tractatus.txt
AugustinusHipponensis_SermonesDeDiversis.txt;MonetaCremonensis_AdversusCatharosEtValdenses.txt
AugustinusHipponensis_SermonesDeSanctis.txt;SalvoBurci_LiberSuprastella.txt
AugustinusHipponensis_SermonesDeSanctis.txt;PeterOfVerona_SummaContraHereticos.txt
AugustinusHipponensis_SermonesDeSanctis.txt;MonetaCremonensis_AdversusCatharosEtValdenses.txt
AugustinusHipponensis_SermonesDeScripturis.txt;PetrusCluniacensis_Adversus-Judaeos.txt
AugustinusHipponensis_SermonesDeScripturis.txt;PeterOfVerona_SummaContraHereticos.txt
AugustinusHipponensis_SermonesDeScripturis.txt;MonetaCremonensis_AdversusCatharosEtValdenses.txt
AugustinusHipponensis_SermonesDeScripturis.txt;MonetaCremonensis_AdversusCatharosEtValdenses.txt
AugustinusHipponensis_SermonesDeScripturis.txt;HugoRothomagensis_Contra-haereticosSuiTemporis.txt
Augustinus_Confessiones.txt;HugoRothomagensis_Contra-haereticosSuiTemporis.txt
Augustinus_ContraFortunatum.txt;HugoRothomagensis_Contra-haereticosSuiTemporis.txt
AugustinusHipponensis_SermonesDeScripturis.txt;Bonacursus_VitaHaereticorum.txt
AugustinusHipponensis_SermonesDeScripturis.txt;Bonacursus_VitaHaereticorum.txt
AugustinusHipponensis_SermonesDeScripturis.txt;DurandOfHuesca_LiberContraManicheos.txt
AugustinusHipponensis_SermonesDeScripturis.txt;ThomasAquinas_ContraDoctrinamRetrahentium.txt
AugustinusHipponensis_SermonesDeScripturis.txt;MonetaCremonensis_AdversusCatharosEtValdenses.txt
AugustinusHipponensis_SermonesDeScripturis.txt;LucasTudensis_DeAlteraVita.txt
GregoriusI_Dialogi.txt;LucasTudensis_DeAlteraVita.txt
GregoriusI_HomiliaeInEvangelia.txt;LucasTudensis_DeAlteraVita.txt
AugustinusHipponensis_SermonesDeScripturis.txt;SalvoBurci_LiberSuprastella.txt
AugustinusHipponensis_SermonesDeScripturis.txt;DurandOfHuesca_LiberAntiheresis.txt
AugustinusHipponensis_SermonesDeScripturis.txt;MonetaCremonensis_AdversusCatharosEtValdenses.txt
AugustinusHipponensis_SermonesDeScripturis.txt;MonetaCremonensis_AdversusCatharosEtValdenses.txt
AugustinusHipponensis_SermonesDeScripturis.txt;SalvoBurci_LiberSuprastella.txt
Augustinus_EnarrationesinPsalmos2.txt;SalvoBurci_LiberSuprastella.txt
AugustinusHipponensis_SermonesDeScripturis.txt;DurandOfHuesca_LiberAntiheresis.txt
Augustinus_AdversusIudaeos.txt;MonetaCremonensis_AdversusCatharosEtValdenses.txt
Augustinus_AdversusIudaeos.txt;Zwicker_CumDormirentHomines.txt
Augustinus_Confessiones.txt;HugoRothomagensis_Contra-haereticosSuiTemporis.txt
Augustinus_Confessiones.txt;ThomasAquinas_ContraDoctrinamRetrahentium.txt
Augustinus_Confessiones.txt;PetrusCluniacensis_AdversusPetrobrusianosHaereticos.txt
Augustinus_Confessiones.txt;PetrusCluniacensis_AdversusPetrobrusianosHaereticos.txt
Augustinus_ContraAdimantum.txt;PetrusAbaelardus_LiberAdversusHaereses.txt
Augustinus_ContraAdversariumLegisEtProphetarum.txt;MonetaCremonensis_AdversusCatharosEtValdenses.txt
Augustinus_ContraAdversariumLegisEtProphetarum.txt;MonetaCremonensis_AdversusCatharosEtValdenses.txt
Augustinus_ContraAdversariumLegisEtProphetarum.txt;DurandOfHuesca_LiberAntiheresis.txt
Augustinus_ContraAdversariumLegisEtProphetarum.txt;DurandOfHuesca_LiberAntiheresis.txt
Augustinus_ContraAdversariumLegisEtProphetarum.txt;PetrusAlphonsus_Dialogus.txt
Augustinus_ContraAdversariumLegisEtProphetarum.txt;PetrusCluniacensis_Adversus-Judaeos.txt
Augustinus_ContraAdversariumLegisEtProphetarum.txt;MonetaCremonensis_AdversusCatharosEtValdenses.txt
Augustinus_ContraCresconium.txt;MonetaCremonensis_AdversusCatharosEtValdenses.txt
Augustinus_ContraDuasEpistulasPelegianorum.txt;Bonacursus_VitaHaereticorum.txt
Augustinus_ContraDuasEpistulasPelegianorum.txt;HugoEterianus_DeHaeresibusGraecorum.txt
Augustinus_ContraEpistulamFundamenti.txt;HermannusDeScildis_Tractatus.txt
Augustinus_ContraEpistulamFundamenti.txt;HermannusDeScildis_Tractatus.txt
Augustinus_ContraFaustum.txt;MonetaCremonensis_AdversusCatharosEtValdenses.txt
Augustinus_ContraFaustum.txt;PetrusCluniacensis_Adversus-Judaeos.txt
Augustinus_ContraFaustum.txt;MonetaCremonensis_AdversusCatharosEtValdenses.txt
Augustinus_ContraFaustum.txt;EckbertusSchonaugiensis_SermonesContraCatharos.txt
Augustinus_ContraFaustum.txt;MonetaCremonensis_AdversusCatharosEtValdenses.txt
Augustinus_ContraSecundinum.txt;EckbertusSchonaugiensis_SermonesContraCatharos.txt
Augustinus_ContraSecundinum.txt;MonetaCremonensis_AdversusCatharosEtValdenses.txt
Augustinus_ContraFaustum.txt;DurandOfHuesca_LiberAntiheresis.txt
Augustinus_ContraFaustum.txt;DurandOfHuesca_LiberContraManicheos.txt
Augustinus_ContraFaustum.txt;PeterOfVerona_SummaContraHereticos.txt
Augustinus_ContraFaustum.txt;Bonacursus_VitaHaereticorum.txt
Augustinus_ContraFaustum.txt;Bonacursus_VitaHaereticorum.txt
Augustinus_ContraFaustum.txt;MonetaCremonensis_AdversusCatharosEtValdenses.txt
Augustinus_ContraFelicem.txt;PeterOfVerona_SummaContraHereticos.txt
Augustinus_ContraLitterasPetiliani.txt;MonetaCremonensis_AdversusCatharosEtValdenses.txt
Augustinus_ContraMaximinumArianum.txt;PetrusCluniacensis_Adversus-Judaeos.txt
Augustinus_ContraPartemDonatiPostGesta.txt;MonetaCremonensis_AdversusCatharosEtValdenses.txt
Augustinus_DeAgonechristiano.txt;ThomasAquinas_ContraDoctrinamRetrahentium.txt
Augustinus_DeAgonechristiano.txt;HermannusDeScildis_Tractatus.txt
Augustinus_DeBaptismo.txt;DurandOfHuesca_LiberContraManicheos.txt
Augustinus_DeCivitateDei.txt;MonetaCremonensis_AdversusCatharosEtValdenses.txt
Augustinus_DeCivitateDei.txt;LucasTudensis_DeAlteraVita.txt
Augustinus_DeCivitateDei.txt;ThomasAquinas_LiberDePerfectioneSpiritualisVitae.txt
Augustinus_DeCivitateDei.txt;ThomasAquinas_LiberDePerfectioneSpiritualisVitae.txt
Augustinus_DeCivitateDei.txt;ThomasAquinas_LiberDePerfectioneSpiritualisVitae.txt
Augustinus_DeCivitateDei.txt;PetrusAlphonsus_Dialogus.txt
Augustinus_DeCivitateDei.txt;PetrusCluniacensis_Adversus-Judaeos.txt
Augustinus_DeCivitateDei.txt;LucasTudensis_DeAlteraVita.txt
Augustinus_DeCivitateDei.txt;LucasTudensis_DeAlteraVita.txt
Augustinus_DeCivitateDei.txt;LucasTudensis_DeAlteraVita.txt
Augustinus_DeCivitateDei.txt;LucasTudensis_DeAlteraVita.txt
Augustinus_DeCivitateDei.txt;LucasTudensis_DeAlteraVita.txt
Augustinus_DeCivitateDei.txt;ThomasAquinas_SummaContraGentiles.txt
Augustinus_DeCivitateDei.txt;DurandOfHuesca_LiberAntiheresis.txt
Augustinus_DeCivitateDei.txt;LucasTudensis_DeAlteraVita.txt
Augustinus_DeCivitateDei.txt;DurandOfHuesca_LiberContraManicheos.txt
Augustinus_DeCivitateDei.txt;MonetaCremonensis_AdversusCatharosEtValdenses.txt
Augustinus_DeCivitateDei.txt;LucasTudensis_DeAlteraVita.txt
Augustinus_DeCivitateDei.txt;LucasTudensis_DeAlteraVita.txt
Augustinus_DeCivitateDei.txt;LucasTudensis_DeAlteraVita.txt
Augustinus_DeCivitateDei.txt;DurandOfHuesca_LiberContraManicheos.txt
Augustinus_DeCivitateDei.txt;PetrusAbaelardus_LiberAdversusHaereses.txt
Augustinus_DeCivitateDei.txt;ThomasAquinas_SummaContraGentiles.txt
Augustinus_DeCivitateDei.txt;ThomasAquinas_SummaContraGentiles.txt
Augustinus_DeCivitateDei.txt;MonetaCremonensis_AdversusCatharosEtValdenses.txt
Augustinus_DeCuraGerendaProMortuis.txt;PetrusCluniacensis_AdversusPetrobrusianosHaereticos.txt
Augustinus_DeCuraGerendaProMortuis.txt;PetrusCluniacensis_AdversusPetrobrusianosHaereticos.txt
Augustinus_DeDiversisQuaestionibus.txt;MonetaCremonensis_AdversusCatharosEtValdenses.txt
Augustinus_DeDiversisQuaestionibus.txt;DurandOfHuesca_LiberContraManicheos.txt
Augustinus_EnarrationesinPsalmos2.txt;DurandOfHuesca_LiberContraManicheos.txt
Augustinus_DeDiversisQuaestionibus.txt;SalvoBurci_LiberSuprastella.txt
Augustinus_DeHaeresibus.txt;ThomasAquinas_SummaContraGentiles.txt
Augustinus_DeHaeresibus.txt;EckbertusSchonaugiensis_SermonesContraCatharos.txt
Augustinus_DeLiberoArbitrio.txt;LucasTudensis_DeAlteraVita.txt
Augustinus_DeLiberoArbitrio.txt;MonetaCremonensis_AdversusCatharosEtValdenses.txt
Augustinus_DeLiberoArbitrio.txt;MonetaCremonensis_AdversusCatharosEtValdenses.txt
Augustinus_DeLiberoArbitrio.txt;MonetaCremonensis_AdversusCatharosEtValdenses.txt
Augustinus_DeLiberoArbitrio.txt;MonetaCremonensis_AdversusCatharosEtValdenses.txt
Augustinus_DeMoribusEcclesiae.txt;HermannusDeScildis_Tractatus.txt
Augustinus_DeMoribusEcclesiae.txt;HermannusDeScildis_Tractatus.txt
Augustinus_DeNaturaBoni.txt;HermannusDeScildis_Tractatus.txt
Augustinus_DeNaturaEtGratia.txt;HenryHarrer_TractatusContraBeghardos.txt
Augustinus_DeUtilitateCredendi.txt;HermannusDeScildis_Tractatus.txt
Augustinus_DeUtilitateCredendi.txt;HermannusDeScildis_Tractatus.txt
Augustinus_DeUtilitateCredendi.txt;HermannusDeScildis_Tractatus.txt
Augustinus_EnarrationesinPsalmos1.txt;SalvoBurci_LiberSuprastella.txt
Augustinus_EnarrationesinPsalmos1.txt;PeterOfVerona_SummaContraHereticos.txt
Augustinus_EnarrationesinPsalmos2.txt;MonetaCremonensis_AdversusCatharosEtValdenses.txt
Augustinus_EnarrationesinPsalmos2.txt;ErmengardDeBeziers_ContraWaldenses.txt
Augustinus_EnarrationesinPsalmos2.txt;PetrusAbaelardus_LiberAdversusHaereses.txt
Augustinus_EnarrationesinPsalmos2.txt;DurandOfHuesca_LiberContraManicheos.txt
Augustinus_EnarrationesinPsalmos2.txt;DurandOfHuesca_LiberAntiheresis.txt
Augustinus_Epistolae1.txt;ThomasAquinas_LiberDePerfectioneSpiritualisVitae.txt
Augustinus_Epistolae2.txt;MonetaCremonensis_AdversusCatharosEtValdenses.txt
Augustinus_EpistulaAdCatholicosDeSectaDonatistarum.txt;HugoEterianus_DeHaeresibusGraecorum.txt
Augustinus_InEpistolamIoannisTractatus.txt;SalvoBurci_LiberSuprastella.txt
Augustinus_InIoannisevangeliumtractatus.txt;PetrusAbaelardus_LiberAdversusHaereses.txt
Augustinus_InIoannisevangeliumtractatus.txt;Bonacursus_VitaHaereticorum.txt
Augustinus_InIoannisevangeliumtractatus.txt;PeterOfVerona_SummaContraHereticos.txt
Augustinus_InIoannisevangeliumtractatus.txt;Bonacursus_VitaHaereticorum.txt
Augustinus_InIoannisevangeliumtractatus.txt;ThomasAquinas_LiberContraImpugnantesDeiCultum.txt
Augustinus_InIoannisevangeliumtractatus.txt;DurandOfHuesca_LiberAntiheresis.txt
Augustinus_InIoannisevangeliumtractatus.txt;LucasTudensis_DeAlteraVita.txt
Augustinus_InIoannisevangeliumtractatus.txt;DurandOfHuesca_LiberAntiheresis.txt
Augustinus_InIoannisevangeliumtractatus.txt;DurandOfHuesca_LiberAntiheresis.txt
Augustinus_InIoannisevangeliumtractatus.txt;SalvoBurci_LiberSuprastella.txt
Augustinus_InIoannisevangeliumtractatus.txt;SalvoBurci_LiberSuprastella.txt
Augustinus_InIoannisevangeliumtractatus.txt;MonetaCremonensis_AdversusCatharosEtValdenses.txt
Augustinus_InIoannisevangeliumtractatus.txt;MonetaCremonensis_AdversusCatharosEtValdenses.txt
Augustinus_InIoannisevangeliumtractatus.txt;PeterOfVerona_SummaContraHereticos.txt
Augustinus_InIoannisevangeliumtractatus.txt;DurandOfHuesca_LiberContraManicheos.txt
Augustinus_InIoannisevangeliumtractatus.txt;SalvoBurci_LiberSuprastella.txt
GregoriusI_Moralia.txt;SalvoBurci_LiberSuprastella.txt
Augustinus_LiberDeUnicoBaptismo.txt;HermannusDeScildis_Tractatus.txt
Boethius_DeConsolationePhilosophiae.txt;MonetaCremonensis_AdversusCatharosEtValdenses.txt
Boethius_DeConsolationePhilosophiae.txt;MonetaCremonensis_AdversusCatharosEtValdenses.txt
Bonacursus_VitaHaereticorum.txt;Hieronymus_AdversusJovinianum.txt
Bonacursus_VitaHaereticorum.txt;Hieronymus_Epistolae.txt
GregoriusI_Dialogi.txt;ThomasAquinas_LiberContraImpugnantesDeiCultum.txt
DurandOfHuesca_LiberAntiheresis.txt;GregoriusI_Moralia.txt
DurandOfHuesca_LiberAntiheresis.txt;GregoriusI_MoraliaII.txt
DurandOfHuesca_LiberAntiheresis.txt;GregoriusI_HomiliaeInEvangelia.txt
DurandOfHuesca_LiberAntiheresis.txt;GregoriusI_HomiliaeInEvangelia.txt
DurandOfHuesca_LiberContraManicheos.txt;GregoriusI_HomiliaeInEvangelia.txt
DurandOfHuesca_LiberAntiheresis.txt;GregoriusI_Dialogi.txt
DurandOfHuesca_LiberAntiheresis.txt;GregoriusI_Dialogi.txt
GregoriusI_Dialogi.txt;LucasTudensis_DeAlteraVita.txt
DurandOfHuesca_LiberAntiheresis.txt;GregoriusI_HomiliaeInEzechielem.txt
DurandOfHuesca_LiberAntiheresis.txt;GregoriusI_HomiliaeInEzechielem.txt
DurandOfHuesca_LiberAntiheresis.txt;GregoriusI_HomiliaeInEzechielem.txt
DurandOfHuesca_LiberAntiheresis.txt;GregoriusI_HomiliaeInEvangelia.txt
DurandOfHuesca_LiberAntiheresis.txt;Hieronymus_Epistolae.txt
DurandOfHuesca_LiberAntiheresis.txt;Hieronymus_Epistolae.txt
DurandOfHuesca_LiberAntiheresis.txt;GregoriusI_HomiliaeInEvangelia.txt
DurandOfHuesca_LiberAntiheresis.txt;IrenaeusOfLyon_ContraHaereticos2.txt
DurandOfHuesca_LiberAntiheresis.txt;IrenaeusOfLyon_ContraHaereticos2.txt
DurandOfHuesca_LiberAntiheresis.txt;Hieronymus_Epistolae.txt
DurandOfHuesca_LiberAntiheresis.txt;IsidorusHispalensis_Sententiae.txt
DurandOfHuesca_LiberAntiheresis.txt;IrenaeusOfLyon_ContraHaereticos2.txt
DurandOfHuesca_LiberAntiheresis.txt;IrenaeusOfLyon_ContraHaereticos2.txt
DurandOfHuesca_LiberAntiheresis.txt;IsidorusHispalensis_Sententiae.txt
DurandOfHuesca_LiberAntiheresis.txt;GregoriusI_Moralia.txt
DurandOfHuesca_LiberAntiheresis.txt;Hieronymus_Epistolae.txt
DurandOfHuesca_LiberAntiheresis.txt;GregoriusI_HomiliaeInEzechielem.txt
DurandOfHuesca_LiberAntiheresis.txt;IrenaeusOfLyon_ContraHaereticos2.txt
DurandOfHuesca_LiberAntiheresis.txt;Hieronymus_Epistolae.txt
DurandOfHuesca_LiberContraManicheos.txt;Hieronymus_Epistolae.txt
DurandOfHuesca_LiberContraManicheos.txt;IsidorusHispalensis_Sententiae.txt
EckbertusSchonaugiensis_SermonesContraCatharos.txt;GregoriusI_Dialogi.txt
EckbertusSchonaugiensis_SermonesContraCatharos.txt;Hieronymus_Epistolae.txt
EckbertusSchonaugiensis_SermonesContraCatharos.txt;IrenaeusOfLyon_ContraHaereticos2.txt
ErmengardDeBeziers_ContraWaldenses.txt;GregoriusI_HomiliaeInEzechielem.txt
GregoriusI_HomiliaeInEzechielem.txt;PetrusAbaelardus_LiberAdversusHaereses.txt
ErmengardDeBeziers_ContraWaldenses.txt;GregoriusI_Dialogi.txt
ErmengardDeBeziers_ContraWaldenses.txt;Hieronymus_Epistolae.txt
Hieronymus_Epistolae.txt;PetrusAbaelardus_LiberAdversusHaereses.txt
ErmengardDeBeziers_ContraWaldenses.txt;IrenaeusOfLyon_ContraHaereticos2.txt
Isidorus-Hispalensis_Etymologiae.txt;MonetaCremonensis_AdversusCatharosEtValdenses.txt
Hieronymus_Epistolae.txt;WasmudvonHomburg_TractatusContraHereticos.txt
GregoriusI_Dialogi.txt;LucasTudensis_DeAlteraVita.txt
GregoriusI_Dialogi.txt;LucasTudensis_DeAlteraVita.txt
Hieronymus_AdversusJovinianum.txt;MonetaCremonensis_AdversusCatharosEtValdenses.txt
GregoriusI_Dialogi.txt;LucasTudensis_DeAlteraVita.txt
GregoriusI_Dialogi.txt;HugoEterianus_DeHaeresibusGraecorum.txt
GregoriusI_Dialogi.txt;ThomasAquinas_ContraDoctrinamRetrahentium.txt
GregoriusI_Dialogi.txt;LucasTudensis_DeAlteraVita.txt
GregoriusI_Dialogi.txt;LucasTudensis_DeAlteraVita.txt
GregoriusI_Dialogi.txt;LucasTudensis_DeAlteraVita.txt
GregoriusI_Dialogi.txt;LucasTudensis_DeAlteraVita.txt
GregoriusI_Dialogi.txt;LucasTudensis_DeAlteraVita.txt
GregoriusI_Dialogi.txt;LucasTudensis_DeAlteraVita.txt
GregoriusI_Dialogi.txt;ThomasAquinas_ContraDoctrinamRetrahentium.txt
GregoriusI_Dialogi.txt;LucasTudensis_DeAlteraVita.txt
GregoriusI_Dialogi.txt;LucasTudensis_DeAlteraVita.txt
GregoriusI_Dialogi.txt;LucasTudensis_DeAlteraVita.txt
GregoriusI_Dialogi.txt;LucasTudensis_DeAlteraVita.txt
GregoriusI_Dialogi.txt;LucasTudensis_DeAlteraVita.txt
GregoriusI_Dialogi.txt;LucasTudensis_DeAlteraVita.txt
GregoriusI_Dialogi.txt;LucasTudensis_DeAlteraVita.txt
GregoriusI_Dialogi.txt;LucasTudensis_DeAlteraVita.txt
GregoriusI_Dialogi.txt;LucasTudensis_DeAlteraVita.txt
GregoriusI_Dialogi.txt;LucasTudensis_DeAlteraVita.txt
GregoriusI_Dialogi.txt;LucasTudensis_DeAlteraVita.txt
GregoriusI_Dialogi.txt;LucasTudensis_DeAlteraVita.txt
GregoriusI_Dialogi.txt;LucasTudensis_DeAlteraVita.txt
GregoriusI_Dialogi.txt;LucasTudensis_DeAlteraVita.txt
GregoriusI_Dialogi.txt;LucasTudensis_DeAlteraVita.txt
GregoriusI_Dialogi.txt;LucasTudensis_DeAlteraVita.txt
GregoriusI_Dialogi.txt;LucasTudensis_DeAlteraVita.txt
GregoriusI_Dialogi.txt;LucasTudensis_DeAlteraVita.txt
GregoriusI_Dialogi.txt;LucasTudensis_DeAlteraVita.txt
GregoriusI_Dialogi.txt;LucasTudensis_DeAlteraVita.txt
GregoriusI_MoraliaII.txt;LucasTudensis_DeAlteraVita.txt
GregoriusI_Dialogi.txt;LucasTudensis_DeAlteraVita.txt
GregoriusI_Dialogi.txt;LucasTudensis_DeAlteraVita.txt
GregoriusI_Dialogi.txt;LucasTudensis_DeAlteraVita.txt
GregoriusI_Dialogi.txt;LucasTudensis_DeAlteraVita.txt
GregoriusI_Dialogi.txt;LucasTudensis_DeAlteraVita.txt
GregoriusI_MoraliaII.txt;LucasTudensis_DeAlteraVita.txt
GregoriusI_Dialogi.txt;LucasTudensis_DeAlteraVita.txt
GregoriusI_MoraliaII.txt;LucasTudensis_DeAlteraVita.txt
GregoriusI_Dialogi.txt;LucasTudensis_DeAlteraVita.txt
GregoriusI_Dialogi.txt;LucasTudensis_DeAlteraVita.txt
GregoriusI_MoraliaII.txt;LucasTudensis_DeAlteraVita.txt
GregoriusI_Dialogi.txt;LucasTudensis_DeAlteraVita.txt
GregoriusI_MoraliaII.txt;LucasTudensis_DeAlteraVita.txt
GregoriusI_Dialogi.txt;LucasTudensis_DeAlteraVita.txt
GregoriusI_Dialogi.txt;LucasTudensis_DeAlteraVita.txt
GregoriusI_Dialogi.txt;LucasTudensis_DeAlteraVita.txt
GregoriusI_Dialogi.txt;LucasTudensis_DeAlteraVita.txt
GregoriusI_Dialogi.txt;LucasTudensis_DeAlteraVita.txt
GregoriusI_Dialogi.txt;LucasTudensis_DeAlteraVita.txt
GregoriusI_Dialogi.txt;LucasTudensis_DeAlteraVita.txt
GregoriusI_Dialogi.txt;LucasTudensis_DeAlteraVita.txt
GregoriusI_Dialogi.txt;LucasTudensis_DeAlteraVita.txt
GregoriusI_Dialogi.txt;LucasTudensis_DeAlteraVita.txt
GregoriusI_Dialogi.txt;LucasTudensis_DeAlteraVita.txt
GregoriusI_Dialogi.txt;LucasTudensis_DeAlteraVita.txt
GregoriusI_Dialogi.txt;LucasTudensis_DeAlteraVita.txt
GregoriusI_Dialogi.txt;LucasTudensis_DeAlteraVita.txt
GregoriusI_Dialogi.txt;LucasTudensis_DeAlteraVita.txt
GregoriusI_Dialogi.txt;LucasTudensis_DeAlteraVita.txt
GregoriusI_Dialogi.txt;LucasTudensis_DeAlteraVita.txt
GregoriusI_Dialogi.txt;LucasTudensis_DeAlteraVita.txt
GregoriusI_Dialogi.txt;LucasTudensis_DeAlteraVita.txt
GregoriusI_Dialogi.txt;LucasTudensis_DeAlteraVita.txt
GregoriusI_Dialogi.txt;LucasTudensis_DeAlteraVita.txt
GregoriusI_Dialogi.txt;LucasTudensis_DeAlteraVita.txt
GregoriusI_Dialogi.txt;LucasTudensis_DeAlteraVita.txt
GregoriusI_Dialogi.txt;LucasTudensis_DeAlteraVita.txt
GregoriusI_HomiliaeInEvangelia.txt;LucasTudensis_DeAlteraVita.txt
GregoriusI_Dialogi.txt;LucasTudensis_DeAlteraVita.txt
GregoriusI_HomiliaeInEvangelia.txt;LucasTudensis_DeAlteraVita.txt
GregoriusI_Dialogi.txt;LucasTudensis_DeAlteraVita.txt
GregoriusI_Dialogi.txt;LucasTudensis_DeAlteraVita.txt
GregoriusI_HomiliaeInEvangelia.txt;LucasTudensis_DeAlteraVita.txt
GregoriusI_Dialogi.txt;LucasTudensis_DeAlteraVita.txt
GregoriusI_HomiliaeInEvangelia.txt;LucasTudensis_DeAlteraVita.txt
GregoriusI_Dialogi.txt;LucasTudensis_DeAlteraVita.txt
GregoriusI_Dialogi.txt;LucasTudensis_DeAlteraVita.txt
GregoriusI_Dialogi.txt;LucasTudensis_DeAlteraVita.txt
GregoriusI_Dialogi.txt;LucasTudensis_DeAlteraVita.txt
GregoriusI_Dialogi.txt;LucasTudensis_DeAlteraVita.txt
GregoriusI_Dialogi.txt;LucasTudensis_DeAlteraVita.txt
GregoriusI_Dialogi.txt;LucasTudensis_DeAlteraVita.txt
GregoriusI_Dialogi.txt;LucasTudensis_DeAlteraVita.txt
GregoriusI_Dialogi.txt;LucasTudensis_DeAlteraVita.txt
GregoriusI_Dialogi.txt;LucasTudensis_DeAlteraVita.txt
GregoriusI_Dialogi.txt;LucasTudensis_DeAlteraVita.txt
GregoriusI_Dialogi.txt;LucasTudensis_DeAlteraVita.txt
GregoriusI_Dialogi.txt;LucasTudensis_DeAlteraVita.txt
GregoriusI_Dialogi.txt;LucasTudensis_DeAlteraVita.txt
GregoriusI_Dialogi.txt;LucasTudensis_DeAlteraVita.txt
GregoriusI_HomiliaeInEvangelia.txt;ThomasAquinas_LiberDePerfectioneSpiritualisVitae.txt
GregoriusI_HomiliaeInEvangelia.txt;ThomasAquinas_ContraDoctrinamRetrahentium.txt
GregoriusI_HomiliaeInEvangelia.txt;ThomasAquinas_ContraDoctrinamRetrahentium.txt
GregoriusI_HomiliaeInEvangelia.txt;ThomasAquinas_LiberContraImpugnantesDeiCultum.txt
GregoriusI_HomiliaeInEvangelia.txt;ThomasAquinas_LiberDePerfectioneSpiritualisVitae.txt
GregoriusI_HomiliaeInEzechielem.txt;MonetaCremonensis_AdversusCatharosEtValdenses.txt
GregoriusI_HomiliaeInEzechielem.txt;ThomasAquinas_SummaContraGentiles.txt
GregoriusI_HomiliaeInEzechielem.txt;ThomasAquinas_SummaContraGentiles.txt
GregoriusI_HomiliaeInEzechielem.txt;PeterOfVerona_SummaContraHereticos.txt
GregoriusI_HomiliaeInEzechielem.txt;ThomasAquinas_LiberContraImpugnantesDeiCultum.txt
GregoriusI_HomiliaeInEzechielem.txt;ThomasAquinas_LiberContraImpugnantesDeiCultum.txt
GregoriusI_HomiliaeInEzechielem.txt;ThomasAquinas_LiberContraImpugnantesDeiCultum.txt
GregoriusI_HomiliaeInEzechielem.txt;ThomasAquinas_LiberContraImpugnantesDeiCultum.txt
GregoriusI_HomiliaeInEzechielem.txt;HenryHarrer_TractatusContraBeghardos.txt
GregoriusI_HomiliaeInEzechielem.txt;ThomasAquinas_ContraDoctrinamRetrahentium.txt
GregoriusI_HomiliaeInEzechielem.txt;ThomasAquinas_LiberContraImpugnantesDeiCultum.txt
GregoriusI_HomiliaeInEzechielem.txt;ThomasAquinas_LiberContraImpugnantesDeiCultum.txt
GregoriusI_HomiliaeInEzechielem.txt;ThomasAquinas_LiberDePerfectioneSpiritualisVitae.txt
GregoriusI_Moralia.txt;ThomasAquinas_LiberContraImpugnantesDeiCultum.txt
GregoriusI_Moralia.txt;ThomasAquinas_LiberContraImpugnantesDeiCultum.txt
GregoriusI_Moralia.txt;ThomasAquinas_LiberContraImpugnantesDeiCultum.txt
GregoriusI_Moralia.txt;PeterOfVerona_SummaContraHereticos.txt
GregoriusI_Moralia.txt;PetrusAbaelardus_LiberAdversusHaereses.txt
GregoriusI_Moralia.txt;ThomasAquinas_SummaContraGentiles.txt
GregoriusI_Moralia.txt;ThomasAquinas_ContraDoctrinamRetrahentium.txt
GregoriusI_Moralia.txt;LucasTudensis_DeAlteraVita.txt
GregoriusI_MoraliaII.txt;LucasTudensis_DeAlteraVita.txt
IsidorusHispalensis_Sententiae.txt;LucasTudensis_DeAlteraVita.txt
GregoriusI_MoraliaII.txt;MonetaCremonensis_AdversusCatharosEtValdenses.txt
GregoriusI_MoraliaII.txt;ThomasAquinas_LiberContraImpugnantesDeiCultum.txt
GregoriusI_MoraliaII.txt;ThomasAquinas_LiberContraImpugnantesDeiCultum.txt
GregoriusI_MoraliaII.txt;SalvoBurci_LiberSuprastella.txt
GregoriusI_MoraliaII.txt;ThomasAquinas_LiberContraImpugnantesDeiCultum.txt
GregoriusI_MoraliaII.txt;ThomasAquinas_LiberContraImpugnantesDeiCultum.txt
GregoriusI_MoraliaII.txt;ThomasAquinas_LiberContraImpugnantesDeiCultum.txt
HenryHarrer_TractatusContraBeghardos.txt;Hieronymus_Epistolae.txt
Hieronymus_AdversusJovinianum.txt;MonetaCremonensis_AdversusCatharosEtValdenses.txt
Hieronymus_AdversusJovinianum.txt;MonetaCremonensis_AdversusCatharosEtValdenses.txt
Hieronymus_AdversusJovinianum.txt;SalvoBurci_LiberSuprastella.txt
Hieronymus_Epistolae.txt;ThomasAquinas_ContraDoctrinamRetrahentium.txt
Hieronymus_Epistolae.txt;ThomasAquinas_LiberContraImpugnantesDeiCultum.txt
Hieronymus_Epistolae.txt;WasmudvonHomburg_TractatusContraHereticos.txt
Hieronymus_Epistolae.txt;WasmudvonHomburg_TractatusContraHereticos.txt
Hieronymus_Epistolae.txt;Zwicker_CumDormirentHomines.txt
Hieronymus_Epistolae.txt;MonetaCremonensis_AdversusCatharosEtValdenses.txt
Hieronymus_Epistolae.txt;MonetaCremonensis_AdversusCatharosEtValdenses.txt
Hieronymus_Epistolae.txt;MonetaCremonensis_AdversusCatharosEtValdenses.txt
Hieronymus_Epistolae.txt;PeterOfVerona_SummaContraHereticos.txt
Hieronymus_Epistolae.txt;SalvoBurci_LiberSuprastella.txt
Hieronymus_Epistolae.txt;PeterOfVerona_SummaContraHereticos.txt
Hieronymus_Epistolae.txt;ThomasAquinas_LiberDePerfectioneSpiritualisVitae.txt
Hieronymus_Epistolae.txt;WasmudvonHomburg_TractatusContraHereticos.txt
Hieronymus_Epistolae.txt;WasmudvonHomburg_TractatusContraHereticos.txt
Hieronymus_Epistolae.txt;ThomasAquinas_LiberContraImpugnantesDeiCultum.txt
Hieronymus_Epistolae.txt;SalvoBurci_LiberSuprastella.txt
Hieronymus_Epistolae.txt;SalvoBurci_LiberSuprastella.txt
Hieronymus_Epistolae.txt;PeterOfVerona_SummaContraHereticos.txt
Hieronymus_Epistolae.txt;ThomasAquinas_LiberContraImpugnantesDeiCultum.txt
Hieronymus_Epistolae.txt;PetrusCluniacensis_AdversusPetrobrusianosHaereticos.txt
Hieronymus_Epistolae.txt;ThomasAquinas_LiberContraImpugnantesDeiCultum.txt
Hieronymus_Epistolae.txt;PetrusAbaelardus_LiberAdversusHaereses.txt
Hieronymus_Epistolae.txt;SalvoBurci_LiberSuprastella.txt
Hieronymus_InHieremiamProphetamLibriSex.txt;MonetaCremonensis_AdversusCatharosEtValdenses.txt
Hieronymus_InHieremiamProphetamLibriSex.txt;PetrusAlphonsus_Dialogus.txt
Hieronymus_InHieremiamProphetamLibriSex.txt;MonetaCremonensis_AdversusCatharosEtValdenses.txt
Hieronymus_InHieremiamProphetamLibriSex.txt;MonetaCremonensis_AdversusCatharosEtValdenses.txt
IraneusOfLyon_ContraHaereticos1.txt;MonetaCremonensis_AdversusCatharosEtValdenses.txt
IrenaeusOfLyon_ContraHaereticos2.txt;MonetaCremonensis_AdversusCatharosEtValdenses.txt
IrenaeusOfLyon_ContraHaereticos2.txt;PetrusAbaelardus_LiberAdversusHaereses.txt
IrenaeusOfLyon_ContraHaereticos2.txt;MonetaCremonensis_AdversusCatharosEtValdenses.txt
IrenaeusOfLyon_ContraHaereticos2.txt;MonetaCremonensis_AdversusCatharosEtValdenses.txt
IrenaeusOfLyon_ContraHaereticos2.txt;PetrusCluniacensis_AdversusPetrobrusianosHaereticos.txt
IrenaeusOfLyon_ContraHaereticos2.txt;MonetaCremonensis_AdversusCatharosEtValdenses.txt
IrenaeusOfLyon_ContraHaereticos2.txt;MonetaCremonensis_AdversusCatharosEtValdenses.txt
IrenaeusOfLyon_ContraHaereticos2.txt;MonetaCremonensis_AdversusCatharosEtValdenses.txt
Isidorus-Hispalensis_Etymologiae.txt;SalvoBurci_LiberSuprastella.txt
Isidorus-Hispalensis_Etymologiae.txt;LucasTudensis_DeAlteraVita.txt
Isidorus-Hispalensis_Etymologiae.txt;LucasTudensis_DeAlteraVita.txt
IsidorusHispalensis_Sententiae.txt;LucasTudensis_DeAlteraVita.txt
IsidorusHispalensis_Sententiae.txt;LucasTudensis_DeAlteraVita.txt
IsidorusHispalensis_Sententiae.txt;LucasTudensis_DeAlteraVita.txt
IsidorusHispalensis_Sententiae.txt;LucasTudensis_DeAlteraVita.txt
IsidorusHispalensis_Sententiae.txt;LucasTudensis_DeAlteraVita.txt
IsidorusHispalensis_Sententiae.txt;LucasTudensis_DeAlteraVita.txt
IsidorusHispalensis_Sententiae.txt;LucasTudensis_DeAlteraVita.txt
IsidorusHispalensis_Sententiae.txt;LucasTudensis_DeAlteraVita.txt
IsidorusHispalensis_Sententiae.txt;LucasTudensis_DeAlteraVita.txt
IsidorusHispalensis_Sententiae.txt;LucasTudensis_DeAlteraVita.txt
IsidorusHispalensis_Sententiae.txt;LucasTudensis_DeAlteraVita.txt
IsidorusHispalensis_Sententiae.txt;LucasTudensis_DeAlteraVita.txt
IsidorusHispalensis_Sententiae.txt;LucasTudensis_DeAlteraVita.txt
IsidorusHispalensis_Sententiae.txt;LucasTudensis_DeAlteraVita.txt
IsidorusHispalensis_Sententiae.txt;LucasTudensis_DeAlteraVita.txt
IsidorusHispalensis_Sententiae.txt;LucasTudensis_DeAlteraVita.txt
IsidorusHispalensis_Sententiae.txt;LucasTudensis_DeAlteraVita.txt
IsidorusHispalensis_Sententiae.txt;LucasTudensis_DeAlteraVita.txt
IsidorusHispalensis_Sententiae.txt;LucasTudensis_DeAlteraVita.txt